day,hour,num_connections,avg_packet_size,protocol,duration,traffic_mbps
1,0,399.1977609317127,627.7134836352349,0,4.377441063233633,43.9901424590337
1,1,483.67897053168844,1326.0676302525285,0,0.6462514710674305,47.57558815325303
1,2,547.16372786506,1282.028087670386,0,6.0377975396405,51.94306561430208
1,3,474.6935259172497,1208.7446977429763,0,2.9044646222062833,52.559470625990656
1,4,357.67928325863187,536.1603805247621,0,4.777415338357458,41.79753987582999
1,5,388.92508988621296,803.1283559453286,1,9.597019643296264,34.297589129152456
1,6,384.8403139221338,763.1125699108429,0,4.29083551760313,32.237638446522176
1,7,245.61754225634692,860.1364074715191,0,8.478115263312054,24.311923130692147
1,8,161.49976927780884,587.6427467638385,0,2.2911357546178857,18.591576842195146
1,9,214.84483145983984,1436.9578230310626,0,6.888374731237774,23.637299073991315
1,10,210.7986790139836,1053.8022407123763,0,9.781566067169964,26.109746921562614
1,11,391.7145249383557,805.5243106580235,0,1.4679844582928996,33.60281073928923
1,12,366.1666744428543,896.9815170742834,0,0.5790394511583241,43.2258868146981
1,13,435.4368529642238,947.2025405048357,0,4.619036530009836,42.250540322793185
1,14,407.7403433100485,1100.5943333606174,1,1.3799420889879883,44.8252465024609
1,15,473.0697132508603,1015.6794276964978,1,7.609651321924198,46.30351846904366
1,16,418.5161730308735,1419.3919732144172,1,9.18821230656131,39.46150663899673
1,17,406.83471828398814,996.9634829058302,0,4.623199240733209,35.942741997785824
1,18,218.66453626765727,1492.1580148233127,0,2.957760600476689,24.77592777343637
1,19,142.96336531460992,1351.4249577450958,0,4.626831530562793,17.77270783922755
1,20,208.53393592194266,708.5105143573358,0,7.37275426957501,24.39694630676466
1,21,247.456155177819,1430.5952146439163,0,0.5860145350135243,21.332290041773813
1,22,318.4567321807754,616.3663978854761,0,6.099812900104623,27.702584614063763
1,23,319.22991902987246,1317.4497084911916,0,6.326271006430101,30.725755441359617
2,0,425.09974882984255,880.6232934765801,0,6.558038345511387,40.86685182642445
2,1,515.1318554022805,1377.9743204450697,0,2.7992097598183334,48.323148825896176
2,2,405.0281952822356,1368.0566901074503,0,7.283500872092204,46.54701926773309
2,3,572.5942248780492,1305.9254001176212,0,1.3682191201518759,49.11747511180359
2,4,393.7573033202277,1290.0304363070613,1,2.3930681964346077,40.698083930243584
2,5,325.29763459194646,804.6791390980408,0,8.835965443217578,34.12491875062017
2,6,258.89315431394755,580.9192830512521,0,7.51786993190238,25.694880163311808
2,7,225.7103685302216,902.9801787651614,0,0.6305827631077798,27.566453496760232
2,8,172.95180373879657,673.5245149865086,0,2.859574473513102,19.9595083257862
2,9,206.29972924591718,1194.9510889024618,0,2.5368615884350634,18.83648615636572
2,10,249.66619883860923,846.0997265377855,0,3.0726601163512397,29.967634736309567
2,11,326.3047946522858,1475.610200859915,0,2.8518178176589206,31.337469050086934
2,12,387.33700889088976,1140.9720773453319,0,1.0939998095570345,43.126590785014265
2,13,402.4660531170817,1322.4805636343608,0,4.8599349076697935,42.111370685127255
2,14,421.26101425757923,632.5246727418485,0,7.4609680104685685,46.01544185330471
2,15,457.763412939923,1362.0144822726224,0,6.263951384815646,48.58096476437395
2,16,486.33289824674495,1422.7571905133943,0,6.8922808516817575,44.71539973998623
2,17,326.3208857883305,987.061918818936,0,1.270917196094272,35.51410484356991
2,18,278.7429069698961,1106.2529377509775,1,9.53916174667948,27.15305515283528
2,19,209.04112822775824,1264.8098009029954,0,8.465672421508735,21.106307856465556
2,20,165.83413651185614,674.8386272604125,0,8.148358025708795,15.564434028897718
2,21,233.1852953080426,1002.5660764634424,0,8.31834614789679,19.850086318049293
2,22,285.4781868641122,898.6630277723132,0,9.360749827261232,26.11808368712063
2,23,338.18920545020217,646.3739921622491,0,5.670412678080128,38.17136667865673
3,0,353.67655305645917,867.5344222915314,0,2.402679169742446,43.53085486870538
3,1,386.4061059222753,568.1723093854936,1,6.359444274599141,42.70126059067838
3,2,529.107864020093,525.811906949487,0,7.5573741898454205,50.97225190818438
3,3,384.31521323084917,635.1662891548227,0,7.5102152368632416,46.83513421551763
3,4,404.10411922158926,1463.115111589174,0,5.453765729585361,40.46923399908212
3,5,382.6191252067057,1049.529535895017,0,1.1503578336689915,36.835028866522606
3,6,285.64608003172225,1465.82216115322,0,4.025572915086214,30.592998567487854
3,7,274.9128322843821,932.4978783301319,0,9.247282780401894,24.803459300582016
3,8,147.313130229661,811.8161330852596,0,6.0522646426955475,17.482347430332084
3,9,174.99206791833754,1006.1418628402441,0,5.614153460929278,21.081981815679775
3,10,310.94575320915584,939.5116886329101,0,3.0541083866308383,28.49379029421069
3,11,378.5823569884812,605.6646842617439,1,4.0002647392075,37.92663538136708
3,12,441.56984936075855,1140.8263146902063,0,9.005787846955108,41.06247728646413
3,13,461.96859652364736,716.0381825095997,1,6.831398951504939,47.43340412677513
3,14,419.4571290272133,1119.5879548978296,0,7.980176754147162,46.68099507798192
3,15,500.6924314564381,1150.2010923981534,1,4.8162815191427235,44.40176118452457
3,16,503.1958716961182,652.0248531286481,0,6.4873485848335,44.93757746718259
3,17,421.11336854307547,561.3496271106682,1,2.8596442830604714,39.06872008571247
3,18,247.97255572433477,1280.7615860684398,1,7.2018778876931195,27.283969635258998
3,19,259.2325400594471,959.8004237693201,0,4.5622126701817045,25.020217636909496
3,20,199.1236703391695,558.1637955054758,1,4.704182390740083,21.084908075142902
3,21,167.94784672309785,1494.8663171697672,0,6.668562083480376,20.07425967941805
3,22,333.55614497359176,557.7805609963666,0,9.394665903954802,28.584186816525236
3,23,338.5926706117638,1195.0352288585532,0,1.1080602927818988,39.61410969939789
4,0,500.2720063236769,1483.6789252634135,0,8.335060754796572,42.392521882670145
4,1,515.4645254221299,739.1801042159257,0,3.2776395489158348,52.6843120242086
4,2,368.33269026240083,642.2493686871962,0,4.717234817810589,42.140764687730766
4,3,513.0175173472618,621.3849394224289,0,0.708176623362585,50.45608856989225
4,4,491.40177024563064,803.2751475675955,0,3.3599377394259737,42.76114120471451
4,5,372.7080202073919,601.0458110106467,1,5.274996804986239,34.1029779486024
4,6,311.8121130286251,1192.1613416941318,0,1.0336727348006707,27.775282329606508
4,7,170.661052971655,562.2917981300627,0,5.165409429140069,16.046912199430743
4,8,208.28511545532825,1009.4221281497897,0,9.30755097415506,19.340984336487463
4,9,263.0486453731283,1496.6968538529768,0,1.5012355720241497,23.08095665776866
4,10,287.3607324097724,1313.9702695060187,0,7.762186916717291,31.933682134224547
4,11,333.0371570786413,1115.2194382310108,0,4.3918750070719295,33.44518934517906
4,12,356.0556016165672,806.2536207866117,0,6.724150287981211,40.074519191320434
4,13,555.5283030966253,1123.8958362916385,1,2.9722476808596787,46.48510992601297
4,14,621.151845787599,1027.0414639116516,0,2.015176494142904,52.746206353106224
4,15,399.5370451875294,926.0833838903715,0,2.024394835576651,48.97663438574563
4,16,442.74810667127963,630.7103767401995,0,1.169673483609874,40.91071938869889
4,17,427.55198077938246,1386.6042152404666,0,2.2636436965618087,36.53980229934007
4,18,242.40350689209131,949.7846488213224,0,6.810084157395199,27.791232648044122
4,19,255.92711136867985,694.6225118207651,0,8.876060812513327,24.915553914832092
4,20,208.67713285322458,867.7593508772895,0,8.234194013116038,17.893840718367944
4,21,171.06813849429386,914.129752528927,0,7.008775943807599,21.026632503440116
4,22,284.0240636466154,1327.5378955668743,1,1.5491027024054753,26.32367554060352
4,23,281.28240567176243,1233.614380561402,1,3.2472807398115235,30.60945515560363
5,0,507.53902935346804,1269.3048936413397,0,3.4431653155634554,43.38836083119373
5,1,579.6361943355843,511.0312644286472,0,2.874590990777402,48.773546873306245
5,2,589.0339623711179,916.1539981797615,0,5.39255376724237,50.01534036992738
5,3,467.9889064485431,981.3441516353237,0,5.58776124135689,47.286619656641136
5,4,437.9370334996552,519.1922768230567,0,3.890416764125547,38.25388777384876
5,5,383.87835899648434,759.8132087450342,0,3.860997007996142,33.73806403170392
5,6,245.5635792871834,1260.289823122135,0,8.371278180107772,26.471856450419693
5,7,221.81851145716695,637.1097057289991,0,7.998282059037013,19.602787135568562
5,8,159.01812806482923,1035.3101314525916,0,3.4240604009670834,19.516142865001974
5,9,241.15994362380908,715.2018720172375,1,9.180990216795964,23.221771513677034
5,10,295.7755068432507,512.1207746438932,1,9.551742661523807,33.15855770363159
5,11,301.3218111554105,741.2014575995415,0,3.6040541492853877,35.52373343849552
5,12,359.50108558007554,1475.8737549100538,0,3.8670370135340213,43.272651172168295
5,13,515.174970928815,1301.5371118829896,1,5.303524457508609,47.76704330946808
5,14,414.09877601908863,1459.5766443210334,0,9.440647719069899,44.24368635410288
5,15,522.1834531042219,987.8540439263625,0,8.82503461485196,47.91083943041893
5,16,352.60334008793245,609.7361986775035,0,1.474395644544103,42.68069062982308
5,17,392.5780952495811,1047.959488973693,0,4.230942061078454,42.389726337455855
5,18,273.48205422063216,954.3773345599609,0,5.757026302622832,26.922917105656634
5,19,255.78943557919237,1344.357082739616,1,5.27975848923963,22.91426097023426
5,20,184.5343441999428,598.0825807842446,1,2.3416991454004803,19.89586469088427
5,21,194.3536153570076,988.2411370217782,0,8.658759326097469,18.503584830374823
5,22,357.03548686038454,650.0486646939843,0,6.930937438469955,30.928468443545054
5,23,389.82429362772587,824.67592689006,1,8.460129561092135,37.25579909806031
6,0,400.7992180799088,1237.3570773877996,0,8.658260653819985,44.87309584112914
6,1,366.5154835833672,976.0181293687665,1,7.609380609824528,45.26221869238236
6,2,622.333675245774,875.8882851457693,0,4.672500711872314,54.2083829328083
6,3,354.003732918903,894.4762785700353,0,6.300194172646533,43.78482786838974
6,4,508.94375318640465,959.4467684059866,0,2.02347135813756,44.260571281400814
6,5,420.52549363440573,1285.0165438370568,0,6.899631466011623,41.57136687742994
6,6,288.36240702767526,1392.0846889402344,0,2.202905929523167,24.528391024607934
6,7,227.38127499152563,1455.3346865039284,0,7.09252110984649,20.310725754425103
6,8,243.41970756135643,1286.9033862552951,0,2.681182527162702,20.298954095262925
6,9,192.7507711867156,815.4068957480127,0,1.6167373514270897,20.499191980884824
6,10,252.8989795441844,1188.134706086542,0,2.0702026563580955,22.8480097068016
6,11,338.24653024988123,937.6031240553918,1,0.5189252845811676,35.205688924418084
6,12,389.9662824793325,754.6706220460512,1,7.328026369608537,39.313088858821686
6,13,519.312354020336,1340.8715794259226,0,7.457809966054602,49.411158348672124
6,14,543.029882275516,538.4263489623249,1,5.391866824175965,47.24172729729859
6,15,628.3308148045616,1401.7619921354235,0,2.032946610026145,52.640184271819194
6,16,444.58736917101305,961.4774646247342,0,1.2937662063515525,40.15024012299129
6,17,329.1433138750684,1137.2014768082804,1,0.6817251811542266,34.03381545138297
6,18,289.9870575794898,1159.3539222057827,0,2.0746076811695966,29.940551652109008
6,19,200.57746471492283,1395.1177407065363,0,8.963127582339894,18.31702599393156
6,20,185.2129568995003,1136.6696821672072,1,2.7945999961659767,20.68237980381239
6,21,218.90721541928605,1113.9335847600619,0,3.865577608563549,25.931047206080706
6,22,213.58824963487817,566.65204056069,1,1.5007821025726653,22.677550296316312
6,23,325.2810799565469,1018.408021945204,1,2.612432395107618,35.553901575596896
7,0,397.5336321271117,650.1690008170417,0,5.432633422411949,43.27964838274527
7,1,449.7221759331292,1237.4337687214856,1,6.273650489408699,50.33584967209851
7,2,378.1070144560726,1012.2219208126745,0,2.830846984579005,46.289147867365756
7,3,355.37997643162436,1180.2277792083532,0,1.0484555126386135,44.02901121751375
7,4,526.6258042758551,541.6729006023843,0,4.214812256710287,44.06582469685069
7,5,348.540375652703,584.7920160458032,1,2.724932023800174,35.89095401969956
7,6,269.44301252359685,1216.3233880626822,0,2.5857622706831185,28.25147855103763
7,7,247.0523704154508,572.0843359986734,0,9.618696625777824,23.048963571724347
7,8,159.35870123937497,571.2567277652586,0,6.354854616294379,17.959925835264528
7,9,267.9317589217434,512.1084752348875,0,5.790345210134911,22.70638003471643
7,10,316.2971638837693,1456.5013982994801,0,4.4498634834715585,28.379217419896044
7,11,274.60665577561645,1237.508359459007,0,4.57497116758637,32.856945745920896
7,12,465.11665896455486,853.2514085020641,0,5.638597536461768,48.09732353343427
7,13,569.050591197558,796.5355812876553,0,7.116083166843019,49.41187981950194
7,14,546.8495697805174,849.7032297458495,1,7.17038791372738,46.42608950839205
7,15,493.08593137360793,1274.6535311811817,0,2.1310921232017708,49.96004188266807
7,16,413.7130060318963,1161.3706110704143,0,5.251071144727956,39.575954989318035
7,17,323.85242110996643,685.195567867468,1,4.413601902823968,37.36125381122736
7,18,370.6152058307628,674.1093353340843,0,8.77000617955915,30.97578673702221
7,19,174.49505294709274,598.3956497133973,1,6.498479751574576,19.54757198817829
7,20,269.4380324824569,1160.302719701338,0,5.5587886309518275,22.890128387732965
7,21,246.39553551205265,1264.372662221736,1,1.596249100699715,23.247961724042916
7,22,312.57564575853405,765.046428325004,0,6.253559948572409,29.966180479983464
7,23,408.9689907658067,520.9449610309129,0,1.6134371039622175,40.690378947961825
8,0,372.64530964175617,582.1716674764274,0,3.703462467874645,41.763835651991386
8,1,398.12330386118975,1467.8600348450304,1,1.8569986657361528,45.729172563694114
8,2,420.3953875290063,795.4447774774203,0,7.074699646731505,47.33145671112343
8,3,398.3073955691982,1269.2231478381336,0,2.45939508144345,45.54295020187026
8,4,469.95763193387324,1124.6635688542638,0,4.222664045286247,42.26869487175769
8,5,338.6385347621167,881.939639652896,0,9.008910387378398,36.023455924449934
8,6,233.19532804285862,705.6872621955551,0,2.441005642290218,28.330072397990058
8,7,290.8671734948609,621.3864181594064,0,5.324148107608401,24.491168690341492
8,8,231.152806864378,1115.0129680388666,1,4.483080781077209,20.03900567563372
8,9,308.8219010104256,1274.6337806377878,0,0.6721783899344325,26.37022117470537
8,10,319.92838664893367,1143.9042535411306,0,8.031202078941721,26.70602950028613
8,11,375.3056888305982,1030.3021332491583,0,1.1559361099886973,43.160507499768855
8,12,425.35214787629076,541.9512234316362,0,5.005422699281059,44.37700204329502
8,13,501.1047225557227,1468.488777594384,0,5.826443801920025,45.41890838751773
8,14,504.55834455685573,1298.7141916545747,0,6.470051337838577,46.78732250581666
8,15,425.9354855288074,792.8220367009648,0,7.042000478424818,49.437798302496134
8,16,471.1408242909267,1479.9703293588507,0,2.9060876434657934,41.82961164402245
8,17,330.48070006557094,1101.8815896363221,0,0.594798378255269,37.14200148227628
8,18,257.2486676167701,1082.4226582072465,1,7.372714792371664,28.919712873720634
8,19,221.13418020256273,1248.073179429532,1,5.588737693801996,21.791132205262805
8,20,181.0869718095044,1311.7697880901376,0,8.443118180468863,17.459618845794786
8,21,180.24561992408883,1156.4786073315026,1,8.303189447556596,17.465077269175826
8,22,218.8569903743594,628.0957463662,0,8.51159859398489,26.16045514379893
8,23,432.41556892988876,838.2675059944984,0,5.1083992698056315,37.569196382970404
9,0,390.97261678991237,1428.0836403260496,0,3.6694697604502235,43.14228123239061
9,1,376.9510983462747,724.6156118438519,0,8.019802924618016,44.253164720630615
9,2,583.7529287780659,872.1670238375134,0,4.787294073777922,50.519542777553546
9,3,581.0377333724697,932.076882944196,0,2.242700865832628,49.14633319595309
9,4,456.20514160060617,939.4049896944522,0,8.622253185834007,39.8484276913966
9,5,398.5149683363959,1112.9395824945254,0,8.8843188293373,35.461175317836584
9,6,293.93131666457657,1443.0758377447078,0,4.929942683331616,27.674626155338
9,7,189.58694431927924,740.692711832505,0,1.2191474094429808,18.580708049741553
9,8,175.91931059983904,621.5013763009181,0,4.184347854210847,21.07336208104485
9,9,228.24402938163183,697.4704898599373,0,8.133607764894732,23.691972522338123
9,10,291.83265584756924,1386.9249002092695,1,9.066853271189173,30.74915372952583
9,11,344.9415278194889,1145.810812655206,1,2.4329910537271604,38.16140615610471
9,12,417.95774972657557,785.9067892391602,0,1.1362493142400796,38.366991896128724
9,13,451.0237732565892,1315.9469389686174,1,8.834829304761968,45.17690593702121
9,14,429.07098950813236,1361.369996363436,0,4.199346920299315,51.54510580162598
9,15,439.87813876097147,1346.514338690278,0,5.646729160541851,49.531738909503204
9,16,472.7380644379309,1418.9265336395545,0,9.696625214482209,44.04514305891814
9,17,386.643617221582,752.2410201733616,0,1.1323649151851172,46.558194471964164
9,18,333.16548420040283,1255.0419287462782,1,6.659021070794908,29.2126715320795
9,19,253.6697290279557,960.53949727414,0,1.2040015144612373,25.41631586377522
9,20,226.84473381733812,1341.9985528900615,0,4.066954820431754,22.86200529047961
9,21,248.49569095224268,1228.4906771616133,0,8.136238179337745,23.963792697150815
9,22,300.0284858380401,1276.4474464997247,0,4.617986211178527,26.554192266078957
9,23,350.07626819896825,1156.1618376810716,1,9.97323236207803,37.27690766147979
10,0,430.4270850434023,677.4287694697068,0,5.811063206992721,40.181524356387285
10,1,485.23046173895506,1045.0269188969382,0,3.551040450041558,47.27992523654655
10,2,440.20165942302464,1484.6697395245083,0,2.5910575960951547,48.54390935651269
10,3,555.4144240994092,1437.3880664971189,0,3.829945075718537,48.236003474925546
10,4,553.2634569397521,543.1737357970117,0,4.039066100715733,49.44397570002052
10,5,312.61484192770735,664.8148157294371,0,1.1527799383776292,29.398204422224758
10,6,337.03887932140253,631.7287734545619,0,4.010954894554345,29.558780571123542
10,7,196.9426406619777,1225.9799099852955,0,4.910265937522636,17.171471329664463
10,8,201.33108462316898,1317.785329856945,1,7.366008646268644,18.5842044026317
10,9,286.838737466947,713.511366310672,1,6.738930104855275,25.27647073413552
10,10,298.802582988408,1005.852692951829,0,7.233273724676965,27.69284005728639
10,11,340.55761539588104,1340.7030280111999,0,0.5794549778301424,31.76676566621208
10,12,422.68670511320914,1232.8015447662506,0,2.5678402960150923,40.354088872220096
10,13,550.8645622750735,1042.2372054918483,0,6.786000739798637,50.029174303570606
10,14,412.80214337909086,1090.3476904587728,0,5.097898997707598,47.80890010484859
10,15,560.4994126926618,1008.36054691628,0,0.5504780188492865,48.63975682551251
10,16,489.783902038392,797.5484513188205,0,8.142699103102313,42.636715519711444
10,17,268.22752080479654,1065.021992859016,0,7.841690946258205,33.04519895718255
10,18,383.5405600008018,1188.8853020500906,0,5.709982048438845,33.93183226797598
10,19,203.61683151166193,1373.3229158608078,0,1.131401594874585,23.911376010187457
10,20,130.06212470072367,1136.291353979248,0,7.7818929705595545,13.924572240027178
10,21,247.67275257826566,1261.121537043158,0,6.045279083447958,22.568981887541703
10,22,220.5240487314844,660.071634954573,0,7.928619783000612,25.51464060569483
10,23,423.3409317092558,961.55747441979,0,7.641596427760484,37.55730000438866
11,0,454.52850941214945,509.3316198270933,0,8.128519683599453,40.1224377847019
11,1,477.88495302454044,746.678864521623,0,5.4210766308439355,47.646171732365886
11,2,413.43556644668416,1226.4617151130049,0,1.8330829228383925,51.514961836941374
11,3,462.7835077264164,1491.8099513493635,0,6.875995997107043,50.58764663927695
11,4,407.1845203920288,599.1780995872159,1,6.394500957993721,38.89911077883267
11,5,405.3995393939738,901.4943158612882,0,7.551405278391329,33.996496292477154
11,6,274.49987803775497,1300.0709686991595,0,2.1138695574819852,26.075164066517132
11,7,181.2329139504981,704.0356346288988,0,2.3522643990527476,20.049631245512284
11,8,266.52305469751053,1055.084949302286,0,8.958890413583621,25.29636272084329
11,9,235.96021281443777,1233.0712960296748,0,7.6247890852946725,23.224564076116287
11,10,263.72224401528695,1115.985450260179,0,9.128170642653068,23.717348136994865
11,11,318.18429765449935,688.0247346154162,0,7.707795551057247,37.75358584116433
11,12,539.6867331063785,855.3845686857394,1,6.1729754069078675,48.8664685910379
11,13,519.3106394333611,1283.7917844853973,0,6.7142610017647995,51.08777683842002
11,14,538.5758280514959,1054.2265141320167,0,8.946715277430094,45.44189010213796
11,15,435.9411789726113,505.2296135429127,1,5.998664167863435,46.53767883816783
11,16,487.5692981688215,1260.990760028094,0,6.50771758111968,46.30073344755987
11,17,385.5850536201362,535.3113549402391,1,1.9865288020342056,32.87699160314366
11,18,242.47368606075918,1245.7337827312322,0,5.002251591102976,28.831458284438686
11,19,285.8924455201301,702.4805601652374,1,7.30577256360194,24.333521103521434
11,20,185.1330596226216,1458.0734801193803,0,3.0739556340054714,17.21920858526575
11,21,180.57215798375285,867.9407513020844,0,2.421414714983082,21.83104287504802
11,22,163.6095356413471,826.931616338079,0,3.4813546781319475,17.776197979792776
11,23,345.8534761917629,648.8880503324447,0,2.7942559659319177,31.926837075997117
12,0,345.18383921335715,805.6042154902149,0,2.5416700518457604,41.74229554582052
12,1,457.01351087145,1376.6507618282005,0,4.536083007246826,44.247031510872034
12,2,515.1299636290519,1496.3343376272474,0,9.124465881893574,54.897233911794906
12,3,458.13558089983496,868.3095305068483,0,5.317066644017824,43.69995692288468
12,4,336.97353570992556,948.6106309545426,0,2.285243617745569,41.17986653990905
12,5,406.5202694181481,1222.0709382027371,0,1.2312308591183037,35.39222173185827
12,6,378.5111093288111,1386.1957804650747,1,7.113483378810289,31.823819867198345
12,7,210.22068900881447,1093.044334186784,0,4.136588262145684,17.7020324896951
12,8,258.3516906401923,891.5256981778293,1,8.307393992560913,23.48949125646488
12,9,187.79111347566692,912.6218408486237,0,6.765352302087317,22.04031812629218
12,10,270.92184128813443,1195.6181464968067,0,8.064293780143,24.555474046856148
12,11,294.6689920807551,503.21826360427866,0,3.083487374475263,36.38631042278981
12,12,348.5912833428812,1119.5893374598406,0,7.077409763380052,43.09717908672041
12,13,429.3077185438671,855.4930104413575,0,3.0085888545903283,46.18973042529019
12,14,499.8131878827707,1294.1973312770842,0,9.42115055477777,50.209406254970055
12,15,519.0019228892187,592.9906398231321,0,6.545555674567057,46.834440266181296
12,16,459.81542083523374,1088.2022669483904,1,3.58286210166575,42.840552035753745
12,17,361.8604653981779,980.9728898861238,0,3.0603626917765903,36.98639202356314
12,18,293.3710548072939,1142.3255259052276,0,2.313802558180613,32.25805044843606
12,19,219.343626797094,564.8535944829683,0,7.099089109490414,18.296172446752877
12,20,256.1960124665138,1079.9837874281313,0,2.5777983234803092,26.3991001239688
12,21,158.39250472631136,1061.4845879595237,0,6.155381026311146,16.153355544665914
12,22,234.05775016323358,1060.660094416171,0,3.0140327557908946,27.04464471489324
12,23,411.00415138151374,1103.4876665964548,0,6.7887049755417515,36.76495161945372
13,0,467.00881197933705,1176.4679372263622,0,8.241927421135124,43.3429756032051
13,1,409.70785376989363,1304.9889996807697,0,7.891239809874205,46.1222824973048
13,2,411.2755311713896,769.8207201282144,1,7.728087643842426,49.375633248928175
13,3,498.69486778054716,1325.049410180062,1,2.283362854076395,46.51137825279008
13,4,432.4932021484672,998.2556822634537,0,1.3396569963529277,40.731905729167366
13,5,341.4327265142777,577.0582791343312,0,7.140013870630163,37.54880629106307
13,6,337.2370397118657,558.5509292439792,0,3.9992985310463376,28.571046457895143
13,7,171.48999425361694,834.2383186960608,1,4.607289150831799,19.930890157451458
13,8,220.8443210917668,1284.8969771114675,0,0.7959163815372151,22.698799626299753
13,9,270.0063200154442,1207.6809347409157,0,2.9659762681129673,22.931517505863248
13,10,289.7728609480624,1288.6149646724066,0,0.8199258368074083,29.93858635651688
13,11,389.32913711472963,1017.2690564416093,0,8.852264839711852,36.888886525770836
13,12,383.73992212416465,940.1989979554905,0,2.8122684905760393,40.01301496723379
13,13,421.2741498110155,647.452526706284,0,5.794703110943576,46.30983793617567
13,14,623.5544185617792,828.1927536093115,0,0.8703035462807389,52.24188081536978
13,15,480.14645826776854,934.0193661738753,0,6.835050217403752,49.82149185306697
13,16,491.2709691880857,588.6004296796173,0,3.5687597846638917,42.43729521810756
13,17,315.3332616904308,720.6119527112112,0,9.030232276097825,35.35198214992634
13,18,277.3727917352041,1098.2252940637388,0,8.937122794873341,31.332994687365275
13,19,164.3992190237226,1235.6631142391898,0,3.590260874436604,20.234904776725934
13,20,229.5419857408542,1498.3475113929496,1,9.059128509059445,21.641292143510114
13,21,202.77466564391483,1433.1133313435575,0,9.9634978982384,21.40304098593174
13,22,307.59720407877313,1142.5651995351914,0,8.341448809177507,26.846956390318333
13,23,378.8594564837548,921.248053294072,0,8.526277803674676,38.29633055596155
14,0,533.9928273338184,1136.1773647082327,0,2.8655829930363543,44.97624904696409
14,1,440.87216203251336,1285.6516180802319,0,5.978672789148685,50.430909964768496
14,2,618.6637546088577,618.3361909233873,0,1.1389311826899946,53.91643642146299
14,3,533.6995944328667,909.9048896962883,1,1.4017203998058623,48.05339258166486
14,4,493.73237421166243,1339.8022856356172,0,9.98947981431626,44.54585891388489
14,5,387.67795195157277,883.832951933044,0,3.603072869546154,34.06919973021963
14,6,314.4530119190548,1071.8722712271865,0,7.60774716446404,28.472499057465328
14,7,227.1070221511383,1087.7693608621983,0,8.163318003754757,21.619189780130366
14,8,172.98025605715011,684.4762531336394,0,8.651221074568678,20.290987894978155
14,9,193.45657363229805,862.2354416522884,0,9.977468825320488,23.795090019544162
14,10,292.61448579979634,834.5112887419322,0,2.7942166099402446,25.045337950299583
14,11,432.031593909162,526.1967085320648,0,0.8833328551671472,41.27716182705638
14,12,441.6509579931405,524.1917638913552,0,4.4063194209485665,39.48194785550089
14,13,440.2003788208657,1331.6970436757733,0,1.735766363374996,44.34781521840338
14,14,452.88656942673595,773.0708099728124,0,0.7130459470395236,53.474332620500206
14,15,428.1430676500289,1018.0787662388154,0,3.924054857844118,50.36536913865539
14,16,476.6594730178887,798.725573588773,1,7.945513385214746,44.37235945115646
14,17,358.5676868283078,1440.6792451153406,0,5.8787165666381735,36.88503652779284
14,18,241.73432801937406,759.2967588657738,0,3.4713908974983636,27.463259681459256
14,19,192.52905695086156,929.6568127389351,0,6.716249052180837,19.31785582877593
14,20,167.014432323945,1372.7302504846018,0,2.7041727129337016,20.22741367458118
14,21,206.33188063070023,1341.9335667918085,0,0.6366237376848077,19.978133808697084
14,22,276.13975741177336,686.1014178462773,0,7.76135717114606,30.425359200253247
14,23,386.72145349795994,1302.6433097957104,1,6.425559306208086,34.55882785549357
15,0,369.87516516899797,958.1868867378927,0,7.74187493275912,40.023508409622465
15,1,461.8389262020751,982.9688720853552,0,0.8699111585328233,47.0262235318076
15,2,412.29204472155976,633.4799724159438,0,8.452636464391196,51.23879436282687
15,3,383.8105931202997,580.6015137571246,1,6.385498900344881,46.29920739835465
15,4,383.11802060907024,1227.9393069737653,0,5.852255831770082,40.0333388133007
15,5,354.44338941202994,996.4611523552998,0,6.43383345708805,35.731061634475736
15,6,293.64527771494346,936.8507026151796,0,8.712115845249459,28.23489971332617
15,7,187.8135679610767,1229.5082286523966,0,6.075896812309617,20.48878941712003
15,8,200.36527447436598,1265.5128989911098,0,6.019028608937703,18.58688508314503
15,9,259.76511104980193,658.9081676693536,0,9.911451992124775,22.70576875530633
15,10,257.4781045137207,1110.2251494776413,0,7.688936587151396,23.155746975508027
15,11,251.0983602261987,635.3540822776855,0,4.701791151785785,30.777608676870337
15,12,400.300910449424,1251.3750860290456,0,7.220271500312814,40.34466733624269
15,13,398.67410922707546,1156.9551562671395,0,4.197689481071991,47.35003960163104
15,14,456.77382826662097,1456.614621083458,0,2.6743168935932404,50.932722696794016
15,15,626.2009984544123,568.9580163564212,1,6.170092830433714,52.416449707615236
15,16,386.2746253337003,557.0547211512543,1,9.317729932082539,45.07297886960606
15,17,345.04831950951746,782.1870746932002,0,9.326825440146896,34.52018441010972
15,18,287.3996820498082,761.705683735906,1,3.748100142002158,27.442951376291933
15,19,205.40929095794286,746.9787990719998,0,5.512935929106102,19.002030849319997
15,20,204.20324918891154,1406.2545805210366,0,2.5105410364136813,19.944460592022832
15,21,169.97550945137345,749.5461998495061,0,9.958495540239392,21.143643026473004
15,22,264.92025083578426,771.949726128631,0,9.820620124745389,28.46815568101426
15,23,327.4868823336618,1259.3982624179637,0,6.67033483222075,32.51830716934302
16,0,367.94921911700317,949.73984245054,0,8.141933566935997,44.05803954272352
16,1,494.4646970130995,1276.7105569551813,0,7.29345153219515,52.58859779577431
16,2,403.9870440948122,565.3661575643853,0,6.135003080874948,49.67371955462943
16,3,409.0269687108023,987.5711936733843,0,1.006805971394528,49.19551622306341
16,4,427.32762332622787,533.6136001832826,0,4.82026125425028,44.57043197513334
16,5,288.3119349112023,562.6532034553545,0,6.9104698705904,33.79633858434249
16,6,289.33389251881005,1406.437453344411,0,6.936550331895004,28.17227744543125
16,7,237.18279837690469,639.2453711175951,1,4.044664875012645,22.047396145578805
16,8,227.3295405177273,1032.4206822752171,1,9.44607387325129,20.293028295646494
16,9,173.28902199772205,911.0956026007066,0,2.0898918062494194,19.69058959166702
16,10,239.06058855803042,847.3433262588427,1,5.253414739047826,27.573530522776828
16,11,307.2163519063759,1399.8333456872724,0,7.063397777232817,36.49399487373635
16,12,494.1032092706911,521.8233967754895,1,7.122790155972187,46.853430823385125
16,13,550.694124211102,1163.789686175589,0,6.6620700893037474,50.8681935350222
16,14,458.8097367406737,1463.3944342135505,0,3.1152380277926714,56.45954737253467
16,15,536.6026345077911,1060.168183461842,0,1.9839624025229088,45.68833836810243
16,16,370.3148409809991,1436.8224620330918,0,6.541433104853753,45.11696191016203
16,17,361.3726033496253,552.2578792860238,0,6.193370103324659,35.55002601721505
16,18,369.1843612006945,918.7933190741614,0,2.2038820977477895,34.06940879965302
16,19,224.9085526053819,760.1577909620512,0,7.198821882920352,19.58472408716797
16,20,189.77801762872608,1230.8209649807297,0,4.824133921469736,17.480834473457673
16,21,226.50784747337565,1481.2970904972467,0,6.843725620229953,20.211441006901353
16,22,197.71454204557955,756.5300624442477,1,8.45498725781643,21.128312827070573
16,23,376.3166146600474,1154.1746014740745,0,2.11242007148077,33.4227349349577
17,0,334.6705264493145,698.0976327597401,0,0.6818762459699484,40.22260201533891
17,1,560.9177669119902,1065.3302545716099,0,7.901474570759975,48.441562416195204
17,2,519.9663342514857,963.9324866883362,0,6.292125538949851,51.02526792733148
17,3,604.241557180214,1472.005329631537,0,7.146575911410157,53.61889357441424
17,4,444.8630094452196,1108.5272726964665,1,8.462472262392104,45.35127151455815
17,5,351.7998016908759,849.5063720868188,0,8.126703880832755,33.26928903301279
17,6,250.66720610715,614.0957848879334,0,9.628741395823834,24.804755985954927
17,7,256.6096329859091,651.2468287349345,1,5.591383249095123,23.48537645775294
17,8,133.55155423836837,725.3169299512351,0,5.140708510269101,16.039300378938073
17,9,226.6716556497663,750.9666613402981,0,4.317928398961936,27.50399524079648
17,10,278.98524025624556,1350.6160578411377,0,1.9600649070199432,31.038320362163862
17,11,290.17778581335017,1061.222788282525,0,5.939768712379213,33.592473043685885
17,12,429.1661872646161,1023.3909113743664,0,3.1316189810967985,37.36059641272737
17,13,462.058089717422,614.7688718692175,0,9.252421366023267,52.05199817926282
17,14,591.0827894130963,1360.139693349435,0,6.040312640632427,49.65638046424215
17,15,483.30585091343556,1222.8143032084836,1,6.131981714827046,51.70382999268696
17,16,329.2092957527816,567.6683619000016,0,3.871784278331595,37.7167170236169
17,17,370.49288371891555,1207.8350972297685,0,0.9938988437882211,33.20187493113868
17,18,292.6251528876539,1043.538217342646,0,0.8015657710433919,27.51573109915455
17,19,221.34574367620047,581.7253457467782,0,4.5216838694553765,22.15056072452765
17,20,190.62811325876706,958.3006415286565,0,1.3033710919237596,18.649803585562267
17,21,259.7182356017738,984.696287130047,0,6.265046077631322,23.878168740275918
17,22,216.5802958528452,665.7745401632758,1,8.869243553576746,24.29713871185221
17,23,414.36735048890375,1445.6981470002825,0,8.88769075692786,34.5728615449361
18,0,510.0090930367854,1349.975371480662,0,6.760931396256208,42.8608868951357
18,1,525.121723920827,1169.0223373291083,0,2.5067023989928447,49.533697558942826
18,2,458.69121578266044,962.2955610006072,0,8.698469897909284,52.13484463426667
18,3,478.32912872749137,911.7655415845086,0,8.917887635475477,44.61645478125297
18,4,314.12586220097074,1150.973467150954,0,2.368209057053108,37.89765748779313
18,5,315.4255619335957,1045.4318694069054,0,7.505547814821434,38.83303046569553
18,6,257.34823363773955,562.2731058818856,0,3.221935714807668,28.496942035938776
18,7,194.68668998195096,1012.5026487703317,1,8.125082967352832,19.76415933356376
18,8,282.8513191898842,1306.4036172328395,1,9.973760049084225,24.653455926567567
18,9,243.88137949491536,959.2398775969581,0,0.7852470506292317,22.356642846111995
18,10,340.5113102579735,551.9565775542684,1,9.024975725013853,31.03789155219148
18,11,341.5342543420779,1286.278199384033,0,6.414990069187252,35.20255544423033
18,12,456.82151674657405,701.3637821359744,1,9.7471348820658,48.68224377464596
18,13,505.09198910017676,758.6208348880388,0,4.917590416501063,53.25640358409619
18,14,588.6041011921385,664.7063534322958,1,8.550185340428051,49.25310755456278
18,15,415.4077998990041,830.2150648714976,1,1.0927436516836337,50.90509390962965
18,16,509.5991124324229,1256.751505688635,0,3.6851509757438095,44.43612784875544
18,17,403.36563568979267,1019.3858595039374,1,1.1366571086364947,39.105894672597046
18,18,240.0107693591539,704.8812741507126,0,9.76575976805117,24.605229618259685
18,19,262.3635344730568,1377.8300781520409,0,8.26125211908245,24.067773323228742
18,20,230.51693089348322,1379.5818549515293,0,8.59920050183672,23.175273460548762
18,21,192.3285672109971,1370.578425046007,0,9.410669698621994,16.733400483964076
18,22,277.8898429616767,738.7962113815393,0,1.3084831181379608,23.950224462002666
18,23,279.77951488665923,951.2393441809882,0,4.163177128876667,28.882303466719684
19,0,379.70000989681716,1484.989656140875,1,1.1748314459180202,41.69177949666633
19,1,519.9529712384254,1272.0124763099902,0,2.502534464725272,50.143007824154466
19,2,634.9775844499768,527.1674212255598,0,2.6789748818578873,54.507071156288085
19,3,426.32766570639075,565.2045912604921,1,4.9565185049519975,48.212665398025905
19,4,497.1659690478582,963.9313768123327,1,3.0513405908096045,47.38584663671388
19,5,324.836589647393,1409.2202058615603,1,1.4592920147687303,30.859695625355325
19,6,244.77599173981994,1038.701797952714,0,2.091165346394023,22.389852681934535
19,7,186.23912584603005,997.8125080342902,1,1.8991178537448639,21.842975846543563
19,8,229.78265158618154,605.4736999566305,0,9.744229580166834,21.152196346817924
19,9,254.96546806777,1156.780104724294,0,7.7132788157254994,21.91153469895114
19,10,185.68871848743694,1322.1031606002255,0,9.693733920060838,21.29767369988037
19,11,310.8631460949974,880.4200075075623,0,4.6775346218251315,34.73263988146164
19,12,458.6240346975539,1275.6118509253274,0,3.1445005757952376,38.58659149848544
19,13,436.1901448845424,1464.4766539008115,0,8.083785373487274,49.999398703256695
19,14,583.4339695008872,703.7664591276891,0,3.5994122213908946,51.09979473829055
19,15,450.312157170889,1023.3296311947413,0,3.3441420502008086,45.170741697784514
19,16,368.1719501915787,787.1379580845755,0,2.7088069259743963,40.95839924798992
19,17,365.416140817481,1292.8544190338393,0,1.731950293130236,31.822359434333144
19,18,267.1443437390023,1077.5933658811575,0,2.9363990796592767,27.311962708180484
19,19,250.2247884841225,1134.5824175503037,0,3.875537610501933,24.87504590473714
19,20,160.8319761727655,1297.914159615894,0,6.902944977384439,17.04282186099337
19,21,243.96305481335926,895.9704726624549,0,1.09436600108479,23.521758489786954
19,22,224.22092579272618,1415.0900684070432,1,2.499815926820758,25.90922714488267
19,23,312.001532049623,1033.02886724614,0,8.185724582770925,32.62138150321295
20,0,500.98628756044235,657.9548228353481,0,1.8957582740458223,42.17890892013633
20,1,405.4221520589777,1195.8991181688025,0,3.7551288919639547,44.88465408950846
20,2,513.6965280024943,1293.2613504382543,0,8.71425975765233,48.33905208395846
20,3,412.9235035581786,816.7616770675266,1,1.9717904558627053,44.39674737900003
20,4,536.8797796327779,1357.1792569987529,0,1.285999938372804,48.39417539874917
20,5,299.2240185895281,1406.1432547657664,0,5.103110953260103,35.105790655915186
20,6,301.74360048566405,776.9044873778089,0,3.3729853571460957,25.400823476022243
20,7,222.32863109529163,1483.521472715222,0,5.852379462596614,22.651558675436085
20,8,175.8699828170213,640.7115280487584,0,8.136146459593014,19.66301585092751
20,9,177.04933620437865,702.01566840249,0,1.8029106374510602,21.34671014463375
20,10,254.66448618915848,684.2248392380261,0,6.016641303265708,29.342500100130277
20,11,375.6733311211327,1393.9897100078704,0,5.302333223703707,37.27252313014191
20,12,382.4131455885237,1154.292552324962,0,1.8687484671253958,40.90849655716842
20,13,523.4896910626412,652.1042832222729,1,6.427985612525333,46.26292633483254
20,14,478.1540678647459,940.3234183683489,1,3.0995839696773304,49.17484490854507
20,15,369.5502635869307,1115.298025069802,0,5.134426026168119,41.08461756255983
20,16,397.32895141652295,583.4640849893833,0,1.281587080632088,37.95442681340434
20,17,423.3466998695523,1382.4163684073387,0,4.866048543529419,39.100622802333575
20,18,281.15117753671984,1303.6035354415353,0,3.411402946406793,32.43490314050385
20,19,184.35610819945566,1005.2067735766382,0,8.312621506260866,21.262510824564288
20,20,177.02479926654652,1467.1266152591704,1,1.0412979064749988,21.7296708891673
20,21,251.12912910935236,917.7609792750998,1,4.476769111724135,22.94336940686403
20,22,391.4369376892498,1484.110319036498,0,4.855098529248661,36.7366424253657
20,23,379.69473832758416,1167.919998803627,0,7.387557724841628,38.35872473430371
21,0,479.14314312164856,1134.6712732539413,0,5.955731963357005,42.1162472255577
21,1,506.40954350912625,665.954895295785,0,6.83851720334472,45.123759734965304
21,2,467.2320768163862,1381.927758304644,0,7.8819682136916835,45.18066103922728
21,3,557.6007937446857,927.4896879206151,0,8.690928249752794,48.60077196436825
21,4,354.9723299879689,662.2334057824794,0,3.48181721886347,40.23094776414709
21,5,259.6245205589556,512.607519975759,0,5.611215700957078,30.73323887120698
21,6,232.06175463294613,1059.7556836383826,0,8.481026745172398,25.560281347272422
21,7,154.40473315306173,1027.3996221226762,1,9.899785744168035,18.764974932390235
21,8,253.73886019349274,1219.3536223691585,0,8.95043345491575,25.061424905217695
21,9,289.6026290415047,1390.258053017802,0,4.028938994931579,24.65453821408177
21,10,224.13268201868274,579.4065846430295,0,2.354081913577179,27.476082076050147
21,11,334.78263751323846,1231.4964903403625,0,5.1492291053625925,39.43983241667008
21,12,419.1505046741851,687.4119440975822,0,7.545593792442402,42.73210492294285
21,13,532.868317841146,1358.177053157164,0,5.179406172156327,45.40652845278179
21,14,505.5647385578124,1319.0635138616562,1,5.090218201479851,54.56937223180897
21,15,497.5067037143163,1040.7937549855444,0,8.463189000277104,49.60711118782056
21,16,321.6560228766392,1210.2427986233115,1,3.9333359011382703,39.38826153702063
21,17,295.8610944754001,814.3501131837484,0,8.668049410710633,34.428983965749175
21,18,297.14753930421483,971.1678989328146,0,4.364645609041373,24.873145239845726
21,19,211.84254649154852,1321.6368977104717,0,3.618214503944224,17.861219750340418
21,20,182.67836320863236,959.2651971732139,0,4.81290415639714,22.778532642594925
21,21,327.5078728687197,857.7982653254418,0,7.743246107411251,27.73786886464381
21,22,246.01134233832482,994.2124472502999,0,1.6970192647079456,23.30429727854257
21,23,420.88315851068523,1328.2492524372183,0,2.365982550784165,36.688907710071696
22,0,398.13987650341176,835.2080473708727,1,9.538725843799373,40.54807229263452
22,1,468.19271981580425,673.7615931357439,1,2.167170460122895,46.52900490547249
22,2,480.0767849413014,1212.0140203307808,1,5.893409520345019,48.22281822728339
22,3,484.28557455512754,1325.9782127080819,0,6.003487433288409,45.39840874772713
22,4,364.98654565395276,600.6374785235333,0,5.151432389477326,42.64556488383448
22,5,263.95462109238247,739.8741127559447,0,6.625079861479777,32.507149650766884
22,6,261.362638448531,641.9719897609939,0,2.683353895077375,28.311370477339516
22,7,236.48543522551,847.9414115821667,0,5.750291543879108,21.858904614886008
22,8,169.83473318738578,950.3509789054126,0,4.035645924845523,19.28315585940077
22,9,206.2491949589412,1248.8263369633064,0,6.785838966477296,19.286927957108627
22,10,306.1348036017492,1151.147584881674,0,1.84162366204492,25.769686008295
22,11,312.12667095200976,1120.9285674784312,1,5.923335459975024,37.26617367747727
22,12,470.40738813867495,852.3749466096544,0,2.260068376141575,44.002751562873144
22,13,440.4392068016275,1341.4475530847599,0,3.147109099592846,45.057715322370925
22,14,577.0472410646166,971.2871673981646,0,2.5777431030740408,50.29799691628768
22,15,437.5595798622651,1479.1049380151544,1,2.2369589087537625,50.24454242688195
22,16,403.80540406167813,1134.142138295737,0,8.344254039826335,37.49178415663589
22,17,415.841566988091,626.2647415645027,0,3.214221892778458,36.63008057713981
22,18,300.49350802910334,1176.177562075434,1,9.30767592771227,25.51212872316246
22,19,254.60175956071762,825.104015431699,1,9.714301990779314,23.721414949012903
22,20,176.9020830712782,1186.3271966860975,0,5.9269744644024245,17.710222530372448
22,21,173.7724133203377,569.6411481624058,0,1.8585106653244008,16.594972641239863
22,22,259.54837294273517,674.8814371759594,0,4.0582083121060215,22.617372686350507
22,23,361.36865612008825,1355.7372589057863,0,8.078456501808034,35.14425483998413
23,0,351.49384662775094,727.1795570235149,0,3.9902119226221693,43.279167505164445
23,1,530.8233114287506,1337.04112524294,1,1.3266635738764931,45.27743118145335
23,2,558.5154882169775,779.2760884544105,0,5.789456653817785,51.91577737633212
23,3,460.42262089914243,1142.8819100587075,0,8.52864808921233,43.0058208699597
23,4,374.9078394923523,1194.150573509831,0,8.061300677863272,42.30176060405805
23,5,333.60452529939477,1012.654753145053,0,2.163669831238356,31.36695140071263
23,6,244.6001975405046,805.3106766967312,0,6.891263836918434,25.544491676593523
23,7,234.91848926321455,712.6443763710961,0,2.5947905026386477,22.151814957182662
23,8,146.77695284274705,533.1893545624262,0,2.572971578245636,17.418759904148143
23,9,221.72757968641628,803.9464012407238,0,8.80368184639926,20.855952310543945
23,10,366.1549714039987,1153.162790531283,0,2.8718550510321865,30.518878427643322
23,11,272.5705229731408,1438.3048184484828,0,3.000849791921106,33.26932439143055
23,12,535.9756231015966,1371.204482263052,1,0.5062072122323458,45.007076336195425
23,13,429.40451575351875,1266.0647765353026,0,8.771355824192417,44.60126049279373
23,14,592.4019361284926,1288.4473432532986,0,8.02965072548678,51.58941253374585
23,15,582.2429537597993,1164.9849034759952,0,6.459624883361441,52.31508691874028
23,16,360.2557448892733,760.2868575660029,0,7.6275247574190015,35.08506649961813
23,17,357.1958031087946,1407.1950307058298,0,1.944461390532672,32.60931423358857
23,18,336.5700449201377,1170.7323119058342,0,4.854074148581967,29.23121638154162
23,19,205.79905426587356,1060.44063098044,1,3.8365841798134186,21.400482785104444
23,20,196.52667798640772,610.989469213481,0,1.3908769994416565,21.113437620113928
23,21,215.5166129782397,947.0555438064255,0,5.118239609541779,20.19766338308596
23,22,311.7806230139704,960.3582712019263,0,9.247026678255036,27.75976936241869
23,23,381.55961991096615,1364.56360952267,1,0.8805616309815976,34.53296829382375
24,0,514.8351593980169,1046.6482201877884,0,3.268878678191042,46.00334618497942
24,1,474.97424342412216,880.4005489704097,0,2.471638893954183,48.75364358667022
24,2,574.9825432270117,1476.8003285106593,0,2.762393209824115,51.01280798622561
24,3,396.5193786697133,610.7205933263157,0,9.130128242854065,46.754750158399176
24,4,417.6746419983407,922.5484283119447,1,4.946656015225757,41.03718132778252
24,5,270.3949244930741,542.0246751714053,0,4.929844422928278,33.70232543654114
24,6,266.7076956179864,1239.9041207669302,0,7.725468603325182,28.68335642713489
24,7,196.38474353768754,1418.0765521991507,1,1.9676759380467952,20.746665500772632
24,8,200.02602251446237,780.0373295504894,1,5.129020863950482,20.869324570689237
24,9,304.4349218947434,1358.341676799121,1,4.584859534150067,28.235821339169735
24,10,287.71017475092,792.2182304618977,0,6.1706515601932335,30.113374110295076
24,11,333.23712623862315,1410.7701616439153,0,9.995798180879166,34.02192940349648
24,12,412.6357321861853,1253.961903596784,0,7.809764493779447,46.10364176649183
24,13,443.9514439740656,1304.9067768414386,0,4.279724178665559,46.76615493770193
24,14,390.98049096725276,518.0065556004545,0,8.361753996603447,43.88562639446644
24,15,372.8943243807225,1462.810357074026,0,2.121729451468562,44.96612212401437
24,16,384.14013373118615,1226.6709920703233,0,0.7894050199351212,36.887624236922434
24,17,362.2948384738981,804.7510953861333,0,2.4422595384105943,33.94545954787608
24,18,288.7228992587717,1329.394664858847,0,3.733909783085467,27.555255137568654
24,19,266.44098069504554,781.5211984149299,0,5.350517195865819,27.038930880059272
24,20,199.71906779716193,1372.753839566128,1,6.343726835141398,20.98078212129249
24,21,244.5552351363261,612.5803904119371,0,9.150754313537007,21.35231735680683
24,22,302.1710822695797,1203.6859774607956,0,5.343613090729348,29.98821674355046
24,23,281.3037838232074,1040.6984766449104,0,5.2621186239444295,28.36659407297633
25,0,350.0864003097474,596.5344701954408,0,0.9773085933183303,43.2068436743257
25,1,471.0869391113905,741.893828258839,0,0.8316597502341262,50.30297663842748
25,2,433.80722970674486,512.4040362773148,0,5.736019638205534,45.564241262660474
25,3,493.40563642663165,968.7679654645058,0,4.662696825859273,51.42164318638737
25,4,449.10985170104414,801.2652607600004,0,8.472213752312836,43.51548922248324
25,5,342.0782623463555,1098.3574842977587,0,2.026456054762529,33.7541362582976
25,6,306.67238082222997,797.2378077086172,0,0.7372307901119712,29.398345598318855
25,7,318.75451613202614,799.9191115069847,1,4.765868295336196,28.82169751664661
25,8,231.17790527928648,1243.1931987316034,1,2.756046289146446,20.545598765175484
25,9,247.39574183762713,548.1428359783534,0,0.9713365467189558,22.754280702134427
25,10,308.81578227200646,1402.8949951919872,0,7.383683725052475,26.121917301379266
25,11,261.9703584147959,1352.2638743911816,0,1.560133499593851,32.45046689160562
25,12,395.16105484651195,1167.8046832264065,1,6.279035250073831,44.99100744963274
25,13,364.7511241813088,1093.2215701073842,0,3.169972626585447,45.422129579039975
25,14,531.768580472027,1392.3024981396522,0,2.1482124783727095,50.21469871165818
25,15,539.6991709611361,685.3301795287144,1,4.107639467733516,46.55740871647123
25,16,394.28698353172166,578.9691621908286,0,8.113734874118059,43.93693947723918
25,17,421.50452237305524,739.510169909538,1,4.224888980593441,36.00098631586084
25,18,252.28072949118044,1294.5782787001904,0,7.6323116675050295,30.612619832773696
25,19,240.38394911240928,534.6702667264833,0,1.6921198195919316,20.47956974666918
25,20,180.51408673253212,1082.8068350834897,0,7.841328486818251,19.190375194119888
25,21,160.3243531924611,1495.43751619131,1,2.7508665866131623,19.0733277958865
25,22,260.19242069425536,1355.6960938375394,1,6.9352347339442915,26.167120219771657
25,23,326.1665144211872,1021.4456890435895,0,5.874924770989465,36.13190147913454
26,0,409.18386666072615,563.6409092866423,0,9.32687481351103,44.770965849936054
26,1,417.37846491932794,1331.3735143857098,0,4.179563920765483,45.2238850842337
26,2,589.8555145461098,1098.9785081772106,1,1.1285692939271843,52.60881776031698
26,3,528.7274668041954,614.9329970595668,0,0.6819771127369025,52.057294633181435
26,4,404.3892121555697,593.8572848233562,0,8.355156329241154,43.7403047096711
26,5,424.23549183029,1409.6268194365925,0,5.4849885577836055,40.6303874376742
26,6,273.55583750632974,1169.2002629380786,0,7.864818492432018,25.17863240268928
26,7,166.13476721311,1329.2867993167556,0,2.7270432001093896,18.275654833299168
26,8,141.56758421873366,1378.9789002822672,0,3.7782955823757205,14.663839253287165
26,9,224.9008448559467,1071.7723520483223,0,0.7859867860075299,26.49775187770097
26,10,257.05365915738867,1017.4463517550413,1,9.634177083454066,29.463096969062175
26,11,373.5681509120801,930.4274103209902,0,6.844745113657727,34.83324598726863
26,12,378.1733306795253,816.9465877911193,0,9.36544833371341,43.33990587895946
26,13,450.6296872796309,934.5959608587118,1,3.0222158705761872,44.61391391487145
26,14,621.3171154342609,1273.8796557301564,0,6.308904306643778,57.337255938850475
26,15,407.70634303144226,1101.9234310151314,0,6.945749698780059,48.37804460269226
26,16,439.81328445234885,1392.523289954846,0,3.51672215244709,42.82818438381468
26,17,335.57164515589943,943.3800143791877,1,8.557037732648485,37.17729987169608
26,18,343.02429843553483,1107.0895787187542,0,9.498033897552354,28.94302769521014
26,19,225.3198875761499,1131.3075530919887,1,8.90612361811204,22.681271016070816
26,20,197.8626187888072,1091.6971623063255,0,7.521136271424039,17.628576633664064
26,21,238.94627106497674,1202.6337730855162,0,3.1359144573870634,23.424024014641407
26,22,270.9244079328724,737.4334683748062,0,3.1753524000035016,33.14607348942509
26,23,411.15352832658,1012.3637775457906,1,9.65192304423736,39.03626013846492
27,0,558.1642041906013,604.2248028083477,0,0.5977027113890743,47.27955987991819
27,1,483.44955348507244,884.5113276448126,1,7.302474745800373,46.456734027473026
27,2,530.3591772712616,987.6670686212644,0,7.209338544274991,47.03118553922426
27,3,549.3031235144435,1152.2242595454725,0,6.415550639023076,47.61302029646764
27,4,380.2634758296873,1450.5310525862035,0,9.906034037825226,42.66717473686608
27,5,338.7310860148118,1100.6510665483559,1,3.4628546397553897,38.28257455541284
27,6,234.17999310375157,1243.5939161765598,0,3.7297327060358576,22.42260611085554
27,7,256.51674392158867,1006.2660594952027,0,1.2499243279922778,26.59826990161526
27,8,221.8042580286765,1134.1040313763315,0,4.706582297165506,19.525976304263033
27,9,240.45803580476243,570.9322161337734,1,2.9799609992310567,20.72897573339116
27,10,230.2934548254218,754.3915808418469,0,3.76217367068762,24.463686874219498
27,11,268.74147623299905,861.8530932051387,0,8.428432007428462,30.03542998440269
27,12,500.15549933670803,972.4933550065136,0,9.38710287851121,44.96951175188575
27,13,438.6766437560418,545.6487455023837,0,2.264464184049263,48.21033495833179
27,14,520.830118431553,640.0240975533177,0,4.038834849757926,46.13011730077684
27,15,427.5973059617957,776.8143077913057,1,9.321990340096244,44.10514474057573
27,16,442.73481359025,1471.5326909010505,1,1.087180376547615,41.49264590212962
27,17,335.34486648638307,831.3470071030508,0,1.377425017058096,40.00706457586818
27,18,280.4509514598536,982.0410581120825,0,2.046514397459179,26.721225945909186
27,19,171.6256016776502,696.0977127383929,0,6.15452192420531,17.500190083879104
27,20,199.3009839820614,1110.7800710757683,0,1.929486574556976,19.262770807742168
27,21,183.773443415924,780.6832155159743,0,9.696725623781969,21.191448233990407
27,22,212.48365298997066,706.9925784384268,0,4.743788008955943,19.40934007117528
27,23,398.9263686337383,1016.572628445979,0,5.264420623326581,34.83711540044655
28,0,370.7027048434857,505.5057991604208,0,2.8432568501513615,41.807196409373965
28,1,419.8051581711221,507.6640326492253,0,4.9741223981299685,50.079000151206834
28,2,449.6271439809107,719.0688091018578,0,6.788179510051609,55.54686828483604
28,3,542.8731086070933,536.7213625008211,0,7.6361828010634065,51.370076145409854
28,4,434.79376891688605,608.0257541306914,0,7.661746785744174,41.693333928335505
28,5,322.72179775324787,838.8606493387516,0,5.9899655705938395,31.68042227377499
28,6,314.4374158542586,1302.585679579813,0,9.091417862441643,35.22007940974958
28,7,212.19074810333,1072.0486433693009,0,8.26537454940804,22.187274245276885
28,8,207.9917774337023,1012.6677259564165,0,7.691957089636942,20.041787875738837
28,9,219.08873199877658,793.4888232081216,0,1.028252455964376,21.93724368190341
28,10,335.75842458360677,1431.7537194328165,0,0.5653406410866685,28.094254282303567
28,11,295.4005574851853,897.0150412371917,0,2.518249133356993,34.56691876422817
28,12,439.62134978360353,587.0927667957715,1,6.803474142177796,40.77901397935929
28,13,445.7588168618833,1117.0665161178013,0,4.406376144384185,46.349804233045404
28,14,484.68554524761043,613.8383934766014,0,4.322859463343462,49.901740189352005
28,15,503.9524900057762,845.2231428016921,0,8.903575438181331,46.360106743365286
28,16,434.6826446579535,1007.4119387178089,0,9.007847057252468,40.36146265196851
28,17,422.5961597962401,1374.2225246851758,0,9.137165008509065,35.31929068307569
28,18,227.61106719796038,993.5465803401187,0,3.4818417268927595,26.735068347737435
28,19,223.2174003094995,1202.2587660316642,0,7.065030221022987,26.52159790898149
28,20,131.2814259458022,1492.8168389990703,0,3.0805152221065115,12.047090574820963
28,21,260.76917796795465,631.4891198979816,0,2.3107934142072732,25.284139499000805
28,22,284.1632485051071,774.7315255195194,0,2.2540083448000074,31.23825557749288
28,23,239.38133795355304,894.5760755976464,1,3.7500223982041434,28.77982930277554
29,0,345.98515193985685,921.8281785388314,0,4.584597387908306,41.471937217758956
29,1,542.673042526482,911.0210752655457,0,8.39401712502315,46.876058458779205
29,2,401.3525182300106,1407.611002556555,0,1.6389653879907649,45.77746491584654
29,3,424.31206033966504,1214.0326444668565,1,7.481795550251495,45.65693099399395
29,4,348.85713858100627,1107.9052140907038,0,5.5488216847984,39.16827246360251
29,5,379.2185678694447,809.3727178627821,0,3.2354807554219285,40.25681133027087
29,6,250.87240481313077,1323.7903842212947,0,5.181786053061834,30.307035179442384
29,7,260.2116641131411,1455.060511484989,0,3.349449662881715,25.824284228215895
29,8,183.31466380428904,1321.1982825502264,0,6.162778574763907,22.165016192129706
29,9,208.59814886713775,501.5651051914729,0,4.62151726712482,18.62246362958173
29,10,231.6488019381955,1136.401370183407,0,2.061852526249348,25.92643920116068
29,11,370.5178746393107,551.1353814421008,0,1.607539208279119,36.46812368368376
29,12,447.375547948844,757.6072203337219,0,5.693608979685236,38.833616573324164
29,13,531.5473171338567,559.5247003477717,0,9.072923816217983,50.129376347283745
29,14,499.2867482474187,1103.7954529493877,0,3.7675980222980128,49.2790238055256
29,15,435.7281462081553,1186.5899134926067,0,7.46350101861492,46.86591863411779
29,16,416.51437681101214,614.4876380659051,0,6.757282871927786,44.632879904610476
29,17,387.9596351039682,883.8388830449794,1,9.34977168594007,36.33278993445812
29,18,316.3859336725525,956.236508955542,0,8.299319664341837,26.41710150254276
29,19,271.3756590816639,869.0530217609166,0,5.882749959601898,25.487608353326166
29,20,171.4411631600595,621.025000485193,0,6.741789733224019,16.75681001720031
29,21,260.5851673425693,918.9477901874754,1,9.03467143254833,23.85742576406621
29,22,288.71801594876325,1251.1780478084181,0,4.29542845357588,29.279303773905145
29,23,280.7674112445251,571.0076645332555,0,3.604549705648885,34.071360682058014
30,0,445.6182539525681,580.1800140819034,0,0.6027052945343652,43.478399066726354
30,1,523.346355938502,854.7712918359842,0,8.35223520481891,44.23704032761067
30,2,459.18105279591697,1441.725711618925,0,8.109316653831966,52.7720810576207
30,3,510.40878720394016,1168.5726467229142,0,1.4923179219514382,47.435674647437615
30,4,360.3529826036639,1178.6699566725647,0,5.980145120760652,40.93183093844288
30,5,386.93715545996963,861.919990837865,1,4.907826132585431,38.147027677510664
30,6,212.91303952012,1093.6607912085383,0,1.6277364073365588,25.386968928371722
30,7,174.31189080102155,510.13118402774336,0,9.815398157076874,17.78423505414274
30,8,169.0091753745585,1136.0960464095422,0,2.5396109309018766,15.330112479428289
30,9,223.74843922415633,1413.2869475762368,0,1.138724710860331,23.82764879727034
30,10,252.1935153674549,1112.573468344819,0,6.1510501052681406,23.65871194251115
30,11,450.22826643722897,1373.698593466345,0,7.51923343276381,40.2643825459531
30,12,424.4900982977563,1223.9730554660937,0,0.8082127374482762,36.25421177634883
30,13,474.45697362226866,620.5584164036902,1,6.75781756790671,53.079750161636696
30,14,485.93875397273774,1402.4533072858417,1,5.556772821538817,50.633052401607856
30,15,410.6830564813862,566.4438443557749,0,1.4810175843129598,47.7002417211554
30,16,489.1542588394799,1033.967472547764,0,2.1389768309904396,40.86524273957315
30,17,423.799397025906,642.1371237934577,1,5.895755824502765,36.19740834305621
30,18,278.24819796162177,511.70661073090406,0,3.3153973283762395,27.387095892725455
30,19,287.8357275220989,922.0342601276391,1,9.413999422187503,25.319524589282988
30,20,205.13219540719854,795.0407076541562,0,8.278032180098482,20.34268294598612
30,21,235.70843963448237,986.000493797603,0,9.843888461879798,22.460524227619054
30,22,220.68811365654113,1077.1998867345508,0,2.9668729700289327,26.409163363358424
30,23,383.85505175816814,543.7390723089474,0,9.712374511580782,34.82916312883678
